INSERT INTO bancodesangue.tipo_sanguineo (id) VALUES ("A+");
INSERT INTO bancodesangue.tipo_sanguineo (id) VALUES ("A-");
INSERT INTO bancodesangue.tipo_sanguineo (id) VALUES ("B+");
INSERT INTO bancodesangue.tipo_sanguineo (id) VALUES ("B-");
INSERT INTO bancodesangue.tipo_sanguineo (id) VALUES ("AB+");
INSERT INTO bancodesangue.tipo_sanguineo (id) VALUES ("AB-");
INSERT INTO bancodesangue.tipo_sanguineo (id) VALUES ("O+");
INSERT INTO bancodesangue.tipo_sanguineo (id) VALUES ("O-");

INSERT INTO bancodesangue.tipo_sanguineo_receptor (tipo_sanguineo_id, tipo_sanguineo_receptor_id) VALUES ("A+", "A+");
INSERT INTO bancodesangue.tipo_sanguineo_receptor (tipo_sanguineo_id, tipo_sanguineo_receptor_id) VALUES ("A+", "A-");
INSERT INTO bancodesangue.tipo_sanguineo_receptor (tipo_sanguineo_id, tipo_sanguineo_receptor_id) VALUES ("A+", "O+");
INSERT INTO bancodesangue.tipo_sanguineo_receptor (tipo_sanguineo_id, tipo_sanguineo_receptor_id) VALUES ("A+", "O-");
INSERT INTO bancodesangue.tipo_sanguineo_receptor (tipo_sanguineo_id, tipo_sanguineo_receptor_id) VALUES ("A-", "A-");
INSERT INTO bancodesangue.tipo_sanguineo_receptor (tipo_sanguineo_id, tipo_sanguineo_receptor_id) VALUES ("A-", "O-");
INSERT INTO bancodesangue.tipo_sanguineo_receptor (tipo_sanguineo_id, tipo_sanguineo_receptor_id) VALUES ("B+", "B+");
INSERT INTO bancodesangue.tipo_sanguineo_receptor (tipo_sanguineo_id, tipo_sanguineo_receptor_id) VALUES ("B+", "B-");
INSERT INTO bancodesangue.tipo_sanguineo_receptor (tipo_sanguineo_id, tipo_sanguineo_receptor_id) VALUES ("B+", "O+");
INSERT INTO bancodesangue.tipo_sanguineo_receptor (tipo_sanguineo_id, tipo_sanguineo_receptor_id) VALUES ("B+", "O-");
INSERT INTO bancodesangue.tipo_sanguineo_receptor (tipo_sanguineo_id, tipo_sanguineo_receptor_id) VALUES ("B-", "B-");
INSERT INTO bancodesangue.tipo_sanguineo_receptor (tipo_sanguineo_id, tipo_sanguineo_receptor_id) VALUES ("B-", "O-");
INSERT INTO bancodesangue.tipo_sanguineo_receptor (tipo_sanguineo_id, tipo_sanguineo_receptor_id) VALUES ("AB+", "A+");
INSERT INTO bancodesangue.tipo_sanguineo_receptor (tipo_sanguineo_id, tipo_sanguineo_receptor_id) VALUES ("AB+", "A-");
INSERT INTO bancodesangue.tipo_sanguineo_receptor (tipo_sanguineo_id, tipo_sanguineo_receptor_id) VALUES ("AB+", "B+");
INSERT INTO bancodesangue.tipo_sanguineo_receptor (tipo_sanguineo_id, tipo_sanguineo_receptor_id) VALUES ("AB+", "B-");
INSERT INTO bancodesangue.tipo_sanguineo_receptor (tipo_sanguineo_id, tipo_sanguineo_receptor_id) VALUES ("AB+", "O+");
INSERT INTO bancodesangue.tipo_sanguineo_receptor (tipo_sanguineo_id, tipo_sanguineo_receptor_id) VALUES ("AB+", "O-");
INSERT INTO bancodesangue.tipo_sanguineo_receptor (tipo_sanguineo_id, tipo_sanguineo_receptor_id) VALUES ("AB+", "AB+");
INSERT INTO bancodesangue.tipo_sanguineo_receptor (tipo_sanguineo_id, tipo_sanguineo_receptor_id) VALUES ("AB+", "AB-");
INSERT INTO bancodesangue.tipo_sanguineo_receptor (tipo_sanguineo_id, tipo_sanguineo_receptor_id) VALUES ("AB-", "A-");
INSERT INTO bancodesangue.tipo_sanguineo_receptor (tipo_sanguineo_id, tipo_sanguineo_receptor_id) VALUES ("AB-", "B-");
INSERT INTO bancodesangue.tipo_sanguineo_receptor (tipo_sanguineo_id, tipo_sanguineo_receptor_id) VALUES ("AB-", "O-");
INSERT INTO bancodesangue.tipo_sanguineo_receptor (tipo_sanguineo_id, tipo_sanguineo_receptor_id) VALUES ("AB-", "AB-");
INSERT INTO bancodesangue.tipo_sanguineo_receptor (tipo_sanguineo_id, tipo_sanguineo_receptor_id) VALUES ("O+", "O+");
INSERT INTO bancodesangue.tipo_sanguineo_receptor (tipo_sanguineo_id, tipo_sanguineo_receptor_id) VALUES ("O+", "O-");
INSERT INTO bancodesangue.tipo_sanguineo_receptor (tipo_sanguineo_id, tipo_sanguineo_receptor_id) VALUES ("O-", "O-");

INSERT INTO bancodesangue.role (name) VALUES ("ADMIN");
INSERT INTO bancodesangue.role (name) VALUES ("USER");